[{"_allAttributes":null,"_properties":null,"_methods":null,"file":"c:/Users/sreek/Desktop/contactDetails/force-app/main/default/lwc/comboBox/comboBox.js","metadata":{"decorators":[],"declarationLoc":{"start":{"line":3,"column":0},"end":{"line":17,"column":1}},"classMembers":[{"type":"property","name":"value","loc":{"start":{"line":4,"column":4},"end":{"line":4,"column":25}}},{"type":"property","name":"options","loc":{"start":{"line":6,"column":4},"end":{"line":12,"column":5}}},{"type":"method","name":"handleChange","loc":{"start":{"line":14,"column":4},"end":{"line":16,"column":5}}}],"exports":[{"type":"ExportDefaultDeclaration"}]},"updatedAt":"2021-07-25T09:47:38.654Z"},{"_allAttributes":null,"_properties":null,"_methods":null,"file":"c:/Users/sreek/Desktop/contactDetails/force-app/main/default/lwc/getPicklistValuesOfField/getPicklistValuesOfField.js","metadata":{"decorators":[{"type":"wire","targets":[{"name":"Queues__cMetadata","adapter":{"name":"getObjectInfo","reference":"lightning/uiObjectInfoApi"},"type":"property","static":{"objectApiName":{"value":"@salesforce/schema/Queues__c","type":"module"}},"params":{}},{"name":"list_viewPicklist","adapter":{"name":"getPicklistValues","reference":"lightning/uiObjectInfoApi"},"type":"property","static":{"fieldApiName":{"value":"@salesforce/schema/Queues__c.list_view__c","type":"module"}},"params":{}}]}],"declarationLoc":{"start":{"line":11,"column":0},"end":{"line":45,"column":1}},"classMembers":[{"type":"property","name":"value","loc":{"start":{"line":13,"column":4},"end":{"line":13,"column":14}}},{"type":"property","name":"Queues__cMetadata","loc":{"start":{"line":17,"column":4},"end":{"line":19,"column":22}},"decorator":"wire"},{"type":"property","name":"list_viewPicklist","loc":{"start":{"line":23,"column":4},"end":{"line":35,"column":22}},"decorator":"wire"},{"type":"method","name":"handleChange","loc":{"start":{"line":39,"column":4},"end":{"line":43,"column":5}}}],"exports":[{"type":"ExportDefaultDeclaration"}]},"updatedAt":"2021-07-25T12:25:44.340Z"},{"_allAttributes":null,"_properties":null,"_methods":null,"file":"c:/Users/sreek/Desktop/contactDetails/force-app/main/default/lwc/queueDetails/queueDetails.js","metadata":{"decorators":[{"type":"wire","targets":[{"name":"Queueslist","adapter":{"name":"getQueues","reference":"@salesforce/apex/ContactDetails.getQueues"},"type":"property"},{"name":"wiredObject","adapter":{"name":"getObjectInfo","reference":"lightning/uiObjectInfoApi"},"type":"method","static":{"objectApiName":{"value":"@salesforce/schema/Queues__c","type":"module"}},"params":{}},{"name":"wiredPickListValue","adapter":{"name":"getPicklistValues","reference":"lightning/uiObjectInfoApi"},"type":"method","static":{"recordTypeId":{"type":"string","value":"012000000000000AAA"},"fieldApiName":{"value":"@salesforce/schema/Queues__c.list_view__c","type":"module"}},"params":{}}]},{"type":"track","targets":[{"name":"pickListvalues","type":"property"},{"name":"error","type":"property"},{"name":"values","type":"property"},{"name":"pickListvaluesByRecordType","type":"property"},{"name":"accountsource","type":"property"}]}],"declarationLoc":{"start":{"line":11,"column":0},"end":{"line":87,"column":1}},"classMembers":[{"type":"property","name":"pickListvalues","loc":{"start":{"line":12,"column":4},"end":{"line":12,"column":26}},"decorator":"track"},{"type":"property","name":"error","loc":{"start":{"line":13,"column":4},"end":{"line":13,"column":17}},"decorator":"track"},{"type":"property","name":"values","loc":{"start":{"line":14,"column":4},"end":{"line":14,"column":18}},"decorator":"track"},{"type":"property","name":"pickListvaluesByRecordType","loc":{"start":{"line":15,"column":4},"end":{"line":15,"column":38}},"decorator":"track"},{"type":"property","name":"accountsource","loc":{"start":{"line":16,"column":4},"end":{"line":16,"column":25}},"decorator":"track"},{"type":"property","name":"Queueslist","loc":{"start":{"line":17,"column":2},"end":{"line":17,"column":30}},"decorator":"wire"},{"type":"property","name":"boolVisible","loc":{"start":{"line":18,"column":2},"end":{"line":18,"column":14}}},{"type":"property","name":"Select","loc":{"start":{"line":19,"column":2},"end":{"line":19,"column":9}}},{"type":"property","name":"clickedButtonLabel","loc":{"start":{"line":20,"column":2},"end":{"line":20,"column":35}}},{"type":"method","name":"handleLoad","loc":{"start":{"line":21,"column":2},"end":{"line":35,"column":3}}},{"type":"property","name":"value","loc":{"start":{"line":36,"column":0},"end":{"line":36,"column":10}}},{"type":"method","name":"wiredObject","loc":{"start":{"line":40,"column":4},"end":{"line":51,"column":9}},"decorator":"wire"},{"type":"method","name":"wiredPickListValue","loc":{"start":{"line":56,"column":4},"end":{"line":72,"column":9}},"decorator":"wire"},{"type":"method","name":"handleChange","loc":{"start":{"line":76,"column":4},"end":{"line":83,"column":1}}},{"type":"method","name":"handlePaginationClick","loc":{"start":{"line":84,"column":0},"end":{"line":86,"column":1}}}],"exports":[{"type":"ExportDefaultDeclaration"}]},"updatedAt":"2021-07-27T08:51:00.181Z"},{"_allAttributes":null,"_properties":null,"_methods":null,"file":"c:/Users/sreek/Desktop/contactDetails/force-app/main/default/lwc/tabset/tabset.js","metadata":{"decorators":[],"declarationLoc":{"start":{"line":3,"column":0},"end":{"line":3,"column":55}},"classMembers":[],"exports":[{"type":"ExportDefaultDeclaration"}]},"updatedAt":"2021-07-25T02:22:56.895Z"},{"_allAttributes":null,"_properties":null,"_methods":null,"file":"c:/Users/sreek/Desktop/contactDetails/force-app/main/default/lwc/pagination/pagination.js","metadata":{"decorators":[],"declarationLoc":{"start":{"line":3,"column":0},"end":{"line":3,"column":59}},"classMembers":[],"exports":[{"type":"ExportDefaultDeclaration"}]},"updatedAt":"2021-07-26T17:09:42.439Z"}]